Top pages,Redirect:
https://asmperformancecars.co.uk/,
https://asmperformancecars.co.uk/9-fees-to-never-pay-a-car-dealership/,https://asmperformancecars.co.uk/blog/9-fees-to-never-pay-a-car-dealership
https://asmperformancecars.co.uk/a-beginners-guide-to-modified-car-insurance-uk/,https://asmperformancecars.co.uk/blog/a-beginners-guide-to-modified-car-insurance-uk
https://asmperformancecars.co.uk/about-us,https://asmperformancecars.co.uk/about
https://asmperformancecars.co.uk/auto-brand/seat/,https://asmperformancecars.co.uk/modified-cars-for-sale
https://asmperformancecars.co.uk/auto-brand/subaru/,https://asmperformancecars.co.uk/modified-cars-for-sale
https://asmperformancecars.co.uk/auto-brand/volkswagen/,https://asmperformancecars.co.uk/modified-cars-for-sale
https://asmperformancecars.co.uk/auto-brand/yamaha/,https://asmperformancecars.co.uk/modified-cars-for-sale
https://asmperformancecars.co.uk/auto/,https://asmperformancecars.co.uk/modified-cars-for-sale
https://asmperformancecars.co.uk/auto/1996-subaru-impreza-wrx-import/,https://asmperformancecars.co.uk/our-cars/modified-cars-for-sale/subaru-impreza-wrx
https://asmperformancecars.co.uk/auto/2003-subaru-impreza-sti-jdm/,https://asmperformancecars.co.uk/our-cars/modified-cars-for-sale/subaru-impreza-sti-jdm
https://asmperformancecars.co.uk/auto/2006-yamaha-raptor-yfm-700r-special-edition/,https://asmperformancecars.co.uk/modified-cars-for-sale
https://asmperformancecars.co.uk/auto/2007-seat-leon-cupra-k1-r-tech-stage-2/,https://asmperformancecars.co.uk/our-cars/modified-cars-for-sale/2007-seat-leon-cupra-k1
https://asmperformancecars.co.uk/auto/2014-seat-leon-cupra-280/,https://asmperformancecars.co.uk/our-cars/modified-cars-for-sale/seat-leon-cupra-280
https://asmperformancecars.co.uk/auto/2016-bmw-m140i-5-door-automatic/,https://asmperformancecars.co.uk/our-cars/modified-cars-for-sale/bmw-1-series-m140i
https://asmperformancecars.co.uk/auto/seat-leon-cupra-k1-white/,https://asmperformancecars.co.uk/our-cars/modified-cars-for-sale/2008-seat-leon-cupra-k1
https://asmperformancecars.co.uk/auto/volkswagen-golf-gti-mk7/,https://asmperformancecars.co.uk/our-cars/modified-cars-for-sale/mk7-volkswagen-golf-gti
https://asmperformancecars.co.uk/best-used-cars-to-buy-in-2024/,https://asmperformancecars.co.uk/blog/best-used-cars-to-buy-in-2025
https://asmperformancecars.co.uk/birmingham-car-dealerships/51-x-ltd/,https://asmperformancecars.co.uk/dealerships/51-x-ltd
https://asmperformancecars.co.uk/birmingham-car-dealerships/a-c-dealer-ltd/,https://asmperformancecars.co.uk/dealerships/a-c-dealer-ltd
https://asmperformancecars.co.uk/birmingham-car-dealerships/a-to-z-motors-specialist-ltd/,https://asmperformancecars.co.uk/dealerships/a-to-z-motors-specialist-ltd
https://asmperformancecars.co.uk/birmingham-car-dealerships/a1-motor-grand-ltd/,https://asmperformancecars.co.uk/dealerships/a1-motor-grand-ltd
https://asmperformancecars.co.uk/birmingham-car-dealerships/ace4cars-limited/,https://asmperformancecars.co.uk/dealerships/ace4cars-limited
https://asmperformancecars.co.uk/birmingham-car-dealerships/acocks-green-motor-company/,https://asmperformancecars.co.uk/dealerships/acocks-green-motor-company
https://asmperformancecars.co.uk/birmingham-car-dealerships/adderley-trade-centre-ltd/,https://asmperformancecars.co.uk/dealerships/adderley-trade-centre-ltd
https://asmperformancecars.co.uk/birmingham-car-dealerships/adi-car-sales-ltd/,https://asmperformancecars.co.uk/dealerships/adi-car-sales-ltd
https://asmperformancecars.co.uk/birmingham-car-dealerships/agile-cars-ltd/,https://asmperformancecars.co.uk/dealerships/agile-cars-ltd
https://asmperformancecars.co.uk/birmingham-car-dealerships/alliance-motors-uk-ltd/,https://asmperformancecars.co.uk/dealerships/alliance-motors-uk-ltd
https://asmperformancecars.co.uk/birmingham-car-dealerships/amh-cars-bham-ltd/,https://asmperformancecars.co.uk/dealerships/amh-cars-bham-ltd
https://asmperformancecars.co.uk/birmingham-car-dealerships/amir-automotive-solutions-limited/,https://asmperformancecars.co.uk/dealerships/amir-automotive-solutions-limited
https://asmperformancecars.co.uk/birmingham-car-dealerships/amw-autos-birmingham-limited/,https://asmperformancecars.co.uk/dealerships/amw-autos-birmingham-limited
https://asmperformancecars.co.uk/birmingham-car-dealerships/apex-autohaus-ltd/,https://asmperformancecars.co.uk/dealerships/apex-autohaus-ltd
https://asmperformancecars.co.uk/birmingham-car-dealerships/apex-motors/,https://asmperformancecars.co.uk/dealerships/apex-motors
https://asmperformancecars.co.uk/birmingham-car-dealerships/ar-car-lot-ltd/,https://asmperformancecars.co.uk/dealerships/ar-car-lot-ltd
https://asmperformancecars.co.uk/birmingham-car-dealerships/arbury-fiat-walsall/,https://asmperformancecars.co.uk/dealerships/arbury-fiat-walsall
https://asmperformancecars.co.uk/birmingham-car-dealerships/arbury-peugeot-walsall/,https://asmperformancecars.co.uk/dealerships/arbury-peugeot-walsall
https://asmperformancecars.co.uk/birmingham-car-dealerships/arden-collective-limited/,https://asmperformancecars.co.uk/dealerships/arden-collective-limited
https://asmperformancecars.co.uk/birmingham-car-dealerships/assured-cars-supermarket-ltd-birmingham/,https://asmperformancecars.co.uk/dealerships/assured-cars-supermarket-ltd-birmingham
https://asmperformancecars.co.uk/birmingham-car-dealerships/atlas-motors/,https://asmperformancecars.co.uk/dealerships/atlas-motors
https://asmperformancecars.co.uk/birmingham-car-dealerships/aubrey-motor-company/,https://asmperformancecars.co.uk/dealerships/aubrey-motor-company
https://asmperformancecars.co.uk/birmingham-car-dealerships/audi-approved-erdington/,https://asmperformancecars.co.uk/dealerships/audi-approved-erdington
https://asmperformancecars.co.uk/birmingham-car-dealerships/auto-hub-trading-ltd/,https://asmperformancecars.co.uk/dealerships/auto-hub-trading-ltd
https://asmperformancecars.co.uk/birmingham-car-dealerships/autobay/,https://asmperformancecars.co.uk/dealerships/autobay
https://asmperformancecars.co.uk/birmingham-car-dealerships/autoemocion/,https://asmperformancecars.co.uk/dealerships/autoemocion
https://asmperformancecars.co.uk/birmingham-car-dealerships/autotrade-birmingham-ltd/,https://asmperformancecars.co.uk/dealerships/autotrade-birmingham-ltd
https://asmperformancecars.co.uk/birmingham-car-dealerships/balaj-motors/,https://asmperformancecars.co.uk/dealerships/balaj-motors
https://asmperformancecars.co.uk/birmingham-car-dealerships/bearwood-auto-sales/,https://asmperformancecars.co.uk/dealerships/bearwood-auto-sales
https://asmperformancecars.co.uk/birmingham-car-dealerships/best-choice-hire-ltd/,https://asmperformancecars.co.uk/dealerships/best-choice-hire-ltd
https://asmperformancecars.co.uk/birmingham-car-dealerships/bestway-motors-ltd/,https://asmperformancecars.co.uk/dealerships/bestway-motors-ltd
https://asmperformancecars.co.uk/birmingham-car-dealerships/bristol-street-motors-ford-birmingham-commercials/,https://asmperformancecars.co.uk/dealerships/bristol-street-motors-ford-birmingham-commercials
https://asmperformancecars.co.uk/birmingham-car-dealerships/brook-williams-prestige/,https://asmperformancecars.co.uk/dealerships/brook-williams-prestige
https://asmperformancecars.co.uk/birmingham-car-dealerships/canal-side-motors-uk-ltd/,https://asmperformancecars.co.uk/dealerships/canal-side-motors-uk-ltd
https://asmperformancecars.co.uk/birmingham-car-dealerships/car-4-you-limited/,https://asmperformancecars.co.uk/dealerships/car-4-you-limited
https://asmperformancecars.co.uk/birmingham-car-dealerships/car-fleet-birmingham/,https://asmperformancecars.co.uk/dealerships/car-fleet-birmingham
https://asmperformancecars.co.uk/birmingham-car-dealerships/carporium-ltd/,https://asmperformancecars.co.uk/dealerships/carporium-ltd
https://asmperformancecars.co.uk/birmingham-car-dealerships/cloud-cars-specialist/,https://asmperformancecars.co.uk/dealerships/cloud-cars-specialist
https://asmperformancecars.co.uk/birmingham-car-dealerships/coleshill-car-sales/,https://asmperformancecars.co.uk/dealerships/coleshill-car-sales
https://asmperformancecars.co.uk/birmingham-car-dealerships/dc-car-sales/,https://asmperformancecars.co.uk/dealerships/dc-car-sales
https://asmperformancecars.co.uk/birmingham-car-dealerships/deritend-motors/,https://asmperformancecars.co.uk/dealerships/deritend-motors
https://asmperformancecars.co.uk/birmingham-car-dealerships/dhdl-automotive/,https://asmperformancecars.co.uk/dealerships/dhdl-automotive
https://asmperformancecars.co.uk/birmingham-car-dealerships/digbeth-motor-sales-ltd/,https://asmperformancecars.co.uk/dealerships/digbeth-motor-sales-ltd
https://asmperformancecars.co.uk/birmingham-car-dealerships/distinto-cars-classics/,https://asmperformancecars.co.uk/dealerships/distinto-cars-classics
https://asmperformancecars.co.uk/birmingham-car-dealerships/djh-prestige-and-sports/,https://asmperformancecars.co.uk/dealerships/djh-prestige-and-sports
https://asmperformancecars.co.uk/birmingham-car-dealerships/dk-motors/,https://asmperformancecars.co.uk/dealerships/dk-motors
https://asmperformancecars.co.uk/birmingham-car-dealerships/dn-motors-birmingham/,https://asmperformancecars.co.uk/dealerships/dn-motors-birmingham
https://asmperformancecars.co.uk/birmingham-car-dealerships/driveluxx-ltd/,https://asmperformancecars.co.uk/dealerships/driveluxx-ltd
https://asmperformancecars.co.uk/birmingham-car-dealerships/drivers-choice-limited/,https://asmperformancecars.co.uk/dealerships/drivers-choice-limited
https://asmperformancecars.co.uk/birmingham-car-dealerships/dynamic-performance-cars-ltd/,https://asmperformancecars.co.uk/dealerships/dynamic-performance-cars-ltd
https://asmperformancecars.co.uk/birmingham-car-dealerships/edgbaston-select-limited/,https://asmperformancecars.co.uk/dealerships/edgbaston-select-limited
https://asmperformancecars.co.uk/birmingham-car-dealerships/emc-trade-centre/,https://asmperformancecars.co.uk/dealerships/emc-trade-centre
https://asmperformancecars.co.uk/birmingham-car-dealerships/eminence-motors-ltd/,https://asmperformancecars.co.uk/dealerships/eminence-motors-ltd
https://asmperformancecars.co.uk/birmingham-car-dealerships/everyday-vehicles-ltd/,https://asmperformancecars.co.uk/dealerships/everyday-vehicles-ltd
https://asmperformancecars.co.uk/birmingham-car-dealerships/evolution-motor-house-ltd/,https://asmperformancecars.co.uk/dealerships/evolution-motor-house-ltd
https://asmperformancecars.co.uk/birmingham-car-dealerships/exclusive-cars-gb-limited/,https://asmperformancecars.co.uk/dealerships/exclusive-cars-gb-limited
https://asmperformancecars.co.uk/birmingham-car-dealerships/fame-cars-ltd/,https://asmperformancecars.co.uk/dealerships/fame-cars-ltd
https://asmperformancecars.co.uk/birmingham-car-dealerships/fr-car-sales/,https://asmperformancecars.co.uk/dealerships/fr-car-sales
https://asmperformancecars.co.uk/birmingham-car-dealerships/friendly-motors-ltd/,https://asmperformancecars.co.uk/dealerships/friendly-motors-ltd
https://asmperformancecars.co.uk/birmingham-car-dealerships/g-w-c/,https://asmperformancecars.co.uk/dealerships/g-w-c
https://asmperformancecars.co.uk/birmingham-car-dealerships/ghb-performance-ltd/,https://asmperformancecars.co.uk/dealerships/ghb-performance-ltd
https://asmperformancecars.co.uk/birmingham-car-dealerships/gmc-motors-bham-limited/,https://asmperformancecars.co.uk/dealerships/gmc-motors-bham-limited
https://asmperformancecars.co.uk/birmingham-car-dealerships/good-buy-motors/,https://asmperformancecars.co.uk/dealerships/good-buy-motors
https://asmperformancecars.co.uk/birmingham-car-dealerships/group-7-cars/,https://asmperformancecars.co.uk/dealerships/group-7-cars
https://asmperformancecars.co.uk/birmingham-car-dealerships/h-a-performance-limited/,https://asmperformancecars.co.uk/dealerships/h-a-performance-limited
https://asmperformancecars.co.uk/birmingham-car-dealerships/hadley-motor-group-ltd/,https://asmperformancecars.co.uk/dealerships/hadley-motor-group-ltd
https://asmperformancecars.co.uk/birmingham-car-dealerships/hagley-motors/,https://asmperformancecars.co.uk/dealerships/hagley-motors
https://asmperformancecars.co.uk/birmingham-car-dealerships/halesowen-trade-centre-ltd/,https://asmperformancecars.co.uk/dealerships/halesowen-trade-centre-ltd
https://asmperformancecars.co.uk/birmingham-car-dealerships/hayes-motor-group/,https://asmperformancecars.co.uk/dealerships/hayes-motor-group
https://asmperformancecars.co.uk/birmingham-car-dealerships/heartlands-motors-ltd/,https://asmperformancecars.co.uk/dealerships/heartlands-motors-ltd
https://asmperformancecars.co.uk/birmingham-car-dealerships/highfield-motor-company/,https://asmperformancecars.co.uk/dealerships/highfield-motor-company
https://asmperformancecars.co.uk/birmingham-car-dealerships/hiline-motors/,https://asmperformancecars.co.uk/dealerships/hiline-motors
https://asmperformancecars.co.uk/birmingham-car-dealerships/hillside-specialist-cars/,https://asmperformancecars.co.uk/dealerships/hillside-specialist-cars
https://asmperformancecars.co.uk/birmingham-car-dealerships/hope-and-hope-ltd/,https://asmperformancecars.co.uk/dealerships/hope-and-hope-ltd
https://asmperformancecars.co.uk/birmingham-car-dealerships/howitts-motors/,https://asmperformancecars.co.uk/dealerships/howitts-motors
https://asmperformancecars.co.uk/birmingham-car-dealerships/hrm-motors/,https://asmperformancecars.co.uk/dealerships/hrm-motors
https://asmperformancecars.co.uk/birmingham-car-dealerships/imperial-motor-sales-ltd/,https://asmperformancecars.co.uk/dealerships/imperial-motor-sales-ltd
https://asmperformancecars.co.uk/birmingham-car-dealerships/imperial-specialist-cars/,https://asmperformancecars.co.uk/dealerships/imperial-specialist-cars
https://asmperformancecars.co.uk/birmingham-car-dealerships/imv-motors-ltd/,https://asmperformancecars.co.uk/dealerships/imv-motors-ltd
https://asmperformancecars.co.uk/birmingham-car-dealerships/indus-car-sales-ltd/,https://asmperformancecars.co.uk/dealerships/indus-car-sales-ltd
https://asmperformancecars.co.uk/birmingham-car-dealerships/jan-london-trade-limited/,https://asmperformancecars.co.uk/dealerships/jan-london-trade-limited
https://asmperformancecars.co.uk/birmingham-car-dealerships/japanese-mpv-motors-limited/,https://asmperformancecars.co.uk/dealerships/japanese-mpv-motors-limited
https://asmperformancecars.co.uk/birmingham-car-dealerships/johnsons-ford-sutton-coldfield/,https://asmperformancecars.co.uk/dealerships/johnsons-ford-sutton-coldfield
https://asmperformancecars.co.uk/birmingham-car-dealerships/johnsons-skoda-birmingham/,https://asmperformancecars.co.uk/dealerships/johnsons-skoda-birmingham
https://asmperformancecars.co.uk/birmingham-car-dealerships/johnsons-volkswagen-birmingham/,https://asmperformancecars.co.uk/dealerships/johnsons-volkswagen-birmingham
https://asmperformancecars.co.uk/birmingham-car-dealerships/johnsons-volkswagen-sutton-coldfield/,https://asmperformancecars.co.uk/dealerships/johnsons-volkswagen-sutton-coldfield
https://asmperformancecars.co.uk/birmingham-car-dealerships/jy-autos/,https://asmperformancecars.co.uk/dealerships/jy-autos
https://asmperformancecars.co.uk/birmingham-car-dealerships/king-street-motors/,https://asmperformancecars.co.uk/dealerships/king-street-motors
https://asmperformancecars.co.uk/birmingham-car-dealerships/kingstanding-car-sales/,https://asmperformancecars.co.uk/dealerships/kingstanding-car-sales
https://asmperformancecars.co.uk/birmingham-car-dealerships/l-foster-autos-ltd/,https://asmperformancecars.co.uk/dealerships/l-foster-autos-ltd
https://asmperformancecars.co.uk/birmingham-car-dealerships/laa-storage-ltd/,https://asmperformancecars.co.uk/dealerships/laa-storage-ltd
https://asmperformancecars.co.uk/birmingham-car-dealerships/laysa-ltd/,https://asmperformancecars.co.uk/dealerships/laysa-ltd
https://asmperformancecars.co.uk/birmingham-car-dealerships/long-acre-car-sales/,https://asmperformancecars.co.uk/dealerships/long-acre-car-sales
https://asmperformancecars.co.uk/birmingham-car-dealerships/lookers-car-hub-star-city/,https://asmperformancecars.co.uk/dealerships/lookers-car-hub-star-city
https://asmperformancecars.co.uk/birmingham-car-dealerships/love-alfa/,https://asmperformancecars.co.uk/dealerships/love-alfa
https://asmperformancecars.co.uk/birmingham-car-dealerships/m-a-performance-cars/,https://asmperformancecars.co.uk/dealerships/m-a-performance-cars
https://asmperformancecars.co.uk/birmingham-car-dealerships/m-and-h-motors/,https://asmperformancecars.co.uk/dealerships/m-and-h-motors
https://asmperformancecars.co.uk/birmingham-car-dealerships/m3ssa-autohouse/,https://asmperformancecars.co.uk/dealerships/m3ssa-autohouse
https://asmperformancecars.co.uk/birmingham-car-dealerships/malen-car-van-sales/,https://asmperformancecars.co.uk/dealerships/malen-car-van-sales
https://asmperformancecars.co.uk/birmingham-car-dealerships/manor-farm-cars-ltd/,https://asmperformancecars.co.uk/dealerships/manor-farm-cars-ltd
https://asmperformancecars.co.uk/birmingham-car-dealerships/mb-automobiles/,https://asmperformancecars.co.uk/dealerships/mb-automobiles
https://asmperformancecars.co.uk/birmingham-car-dealerships/mercedes-benz-of-birmingham-vans/,https://asmperformancecars.co.uk/dealerships/mercedes-benz-of-birmingham-vans
https://asmperformancecars.co.uk/birmingham-car-dealerships/mid-car-trade-centre/,https://asmperformancecars.co.uk/dealerships/mid-car-trade-centre
https://asmperformancecars.co.uk/birmingham-car-dealerships/middleton-car-group/,https://asmperformancecars.co.uk/dealerships/middleton-car-group
https://asmperformancecars.co.uk/birmingham-car-dealerships/midlands-select-autos/,https://asmperformancecars.co.uk/dealerships/midlands-select-autos
https://asmperformancecars.co.uk/birmingham-car-dealerships/midlands-trade-direct/,https://asmperformancecars.co.uk/dealerships/midlands-trade-direct
https://asmperformancecars.co.uk/birmingham-car-dealerships/mnk-motors/,https://asmperformancecars.co.uk/dealerships/mnk-motors
https://asmperformancecars.co.uk/birmingham-car-dealerships/mosaso/,https://asmperformancecars.co.uk/dealerships/mosaso
https://asmperformancecars.co.uk/birmingham-car-dealerships/motor-capital/,https://asmperformancecars.co.uk/dealerships/motor-capital
https://asmperformancecars.co.uk/birmingham-car-dealerships/motorhouse-uk/,https://asmperformancecars.co.uk/dealerships/motorhouse-uk
https://asmperformancecars.co.uk/birmingham-car-dealerships/motorworld/,https://asmperformancecars.co.uk/dealerships/motorworld
https://asmperformancecars.co.uk/birmingham-car-dealerships/msl-trade-centre/,https://asmperformancecars.co.uk/dealerships/msl-trade-centre
https://asmperformancecars.co.uk/birmingham-car-dealerships/mst-trade-centre-ltd/,https://asmperformancecars.co.uk/dealerships/mst-trade-centre-ltd
https://asmperformancecars.co.uk/birmingham-car-dealerships/mw-motor-solutions-limited/,https://asmperformancecars.co.uk/dealerships/mw-motor-solutions-limited
https://asmperformancecars.co.uk/birmingham-car-dealerships/mwk-motors-limited/,https://asmperformancecars.co.uk/dealerships/mwk-motors-limited
https://asmperformancecars.co.uk/birmingham-car-dealerships/newtown-autos-ltd/,https://asmperformancecars.co.uk/dealerships/newtown-autos-ltd
https://asmperformancecars.co.uk/birmingham-car-dealerships/no-1-car-sales-uk-ltd/,https://asmperformancecars.co.uk/dealerships/no-1-car-sales-uk-ltd
https://asmperformancecars.co.uk/birmingham-car-dealerships/oakways-car-sales/,https://asmperformancecars.co.uk/dealerships/oakways-car-sales
https://asmperformancecars.co.uk/birmingham-car-dealerships/orchard-motor-group/,https://asmperformancecars.co.uk/dealerships/orchard-motor-group
https://asmperformancecars.co.uk/birmingham-car-dealerships/oughton-motors-limited/,https://asmperformancecars.co.uk/dealerships/oughton-motors-limited
https://asmperformancecars.co.uk/birmingham-car-dealerships/pcf-cars/,https://asmperformancecars.co.uk/dealerships/pcf-cars
https://asmperformancecars.co.uk/birmingham-car-dealerships/percy-motors-birmingham-ltd/,https://asmperformancecars.co.uk/dealerships/percy-motors-birmingham-ltd
https://asmperformancecars.co.uk/birmingham-car-dealerships/ping-vehicles/,https://asmperformancecars.co.uk/dealerships/ping-vehicles
https://asmperformancecars.co.uk/birmingham-car-dealerships/plaistow-cars/,https://asmperformancecars.co.uk/dealerships/plaistow-cars
https://asmperformancecars.co.uk/birmingham-car-dealerships/platinum-motor-sales/,https://asmperformancecars.co.uk/dealerships/platinum-motor-sales
https://asmperformancecars.co.uk/birmingham-car-dealerships/premium-automotive-limited/,https://asmperformancecars.co.uk/dealerships/premium-automotive-limited
https://asmperformancecars.co.uk/birmingham-car-dealerships/qc-trade-centre-birmingham/,https://asmperformancecars.co.uk/dealerships/qc-trade-centre-birmingham
https://asmperformancecars.co.uk/birmingham-car-dealerships/r-a-motor-company/,https://asmperformancecars.co.uk/dealerships/r-a-motor-company
https://asmperformancecars.co.uk/birmingham-car-dealerships/r-r-r-motors-limited/,https://asmperformancecars.co.uk/dealerships/r-r-r-motors-limited
https://asmperformancecars.co.uk/birmingham-car-dealerships/revolve-collections-ltd/,https://asmperformancecars.co.uk/dealerships/revolve-collections-ltd
https://asmperformancecars.co.uk/birmingham-car-dealerships/rur-cars-ltd/,https://asmperformancecars.co.uk/dealerships/rur-cars-ltd
https://asmperformancecars.co.uk/birmingham-car-dealerships/sandhurst-motors/,https://asmperformancecars.co.uk/dealerships/sandhurst-motors
https://asmperformancecars.co.uk/birmingham-car-dealerships/second-city-cars-commercials/,https://asmperformancecars.co.uk/dealerships/second-city-cars-commercials
https://asmperformancecars.co.uk/birmingham-car-dealerships/siak-cars-ltd/,https://asmperformancecars.co.uk/dealerships/siak-cars-ltd
https://asmperformancecars.co.uk/birmingham-car-dealerships/sigma-car-sales-ltd/,https://asmperformancecars.co.uk/dealerships/sigma-car-sales-ltd
https://asmperformancecars.co.uk/birmingham-car-dealerships/silverstone-motor-company-limited/,https://asmperformancecars.co.uk/dealerships/silverstone-motor-company-limited
https://asmperformancecars.co.uk/birmingham-car-dealerships/snt-commercials/,https://asmperformancecars.co.uk/dealerships/snt-commercials
https://asmperformancecars.co.uk/birmingham-car-dealerships/solihull-motors-ltd/,https://asmperformancecars.co.uk/dealerships/solihull-motors-ltd
https://asmperformancecars.co.uk/birmingham-car-dealerships/specialist-cars-group/,https://asmperformancecars.co.uk/dealerships/specialist-cars-group
https://asmperformancecars.co.uk/birmingham-car-dealerships/spring-motors-ltd/,https://asmperformancecars.co.uk/dealerships/spring-motors-ltd
https://asmperformancecars.co.uk/birmingham-car-dealerships/stratstone-byd-birmingham/,https://asmperformancecars.co.uk/dealerships/stratstone-byd-birmingham
https://asmperformancecars.co.uk/birmingham-car-dealerships/stratstone-land-rover-birmingham-north/,https://asmperformancecars.co.uk/dealerships/stratstone-land-rover-birmingham-north
https://asmperformancecars.co.uk/birmingham-car-dealerships/supremecars-westmidlands-limited/,https://asmperformancecars.co.uk/dealerships/supremecars-westmidlands-limited
https://asmperformancecars.co.uk/birmingham-car-dealerships/sutton-park-perry-barr/,https://asmperformancecars.co.uk/dealerships/sutton-park-perry-barr
https://asmperformancecars.co.uk/birmingham-car-dealerships/sutton-trade-carz/,https://asmperformancecars.co.uk/dealerships/sutton-trade-carz
https://asmperformancecars.co.uk/birmingham-car-dealerships/sw-autoz-ltd/,https://asmperformancecars.co.uk/dealerships/sw-autoz-ltd
https://asmperformancecars.co.uk/birmingham-car-dealerships/swanz-motors-limited/,https://asmperformancecars.co.uk/dealerships/swanz-motors-limited
https://asmperformancecars.co.uk/birmingham-car-dealerships/triple-a-motors/,https://asmperformancecars.co.uk/dealerships/triple-a-motors
https://asmperformancecars.co.uk/birmingham-car-dealerships/trust-ford-birmingham-transit-centre/,https://asmperformancecars.co.uk/dealerships/trust-ford-birmingham-transit-centre
https://asmperformancecars.co.uk/birmingham-car-dealerships/twyford-motor-company-ltd/,https://asmperformancecars.co.uk/dealerships/twyford-motor-company-ltd
https://asmperformancecars.co.uk/birmingham-car-dealerships/uk-smt-ltd/,https://asmperformancecars.co.uk/dealerships/uk-smt-ltd
https://asmperformancecars.co.uk/birmingham-car-dealerships/ultra-line-cars-ltd/,https://asmperformancecars.co.uk/dealerships/ultra-line-cars-ltd
https://asmperformancecars.co.uk/birmingham-car-dealerships/united-traders-limited/,https://asmperformancecars.co.uk/dealerships/united-traders-limited
https://asmperformancecars.co.uk/birmingham-car-dealerships/vicks-motors-ltd/,https://asmperformancecars.co.uk/dealerships/vicks-motors-ltd
https://asmperformancecars.co.uk/birmingham-car-dealerships/w-d-m-cars/,https://asmperformancecars.co.uk/dealerships/w-d-m-cars
https://asmperformancecars.co.uk/birmingham-car-dealerships/w-m-motors/,https://asmperformancecars.co.uk/dealerships/w-m-motors
https://asmperformancecars.co.uk/birmingham-car-dealerships/warun-specialist-cars/,https://asmperformancecars.co.uk/dealerships/warun-specialist-cars
https://asmperformancecars.co.uk/birmingham-car-dealerships/west-midlands-motors/,https://asmperformancecars.co.uk/dealerships/west-midlands-motors
https://asmperformancecars.co.uk/birmingham-car-dealerships/wixford-motor-company/,https://asmperformancecars.co.uk/dealerships/wixford-motor-company
https://asmperformancecars.co.uk/birmingham-car-dealerships/wmg-trade-centre/,https://asmperformancecars.co.uk/dealerships/wmg-trade-centre
https://asmperformancecars.co.uk/birmingham-car-dealerships/wynford-specialist-motors-limited/,https://asmperformancecars.co.uk/dealerships/wynford-specialist-motors-limited
https://asmperformancecars.co.uk/birmingham-car-dealerships/xccelerate-automotive-ltd/,https://asmperformancecars.co.uk/dealerships/xccelerate-automotive-ltd
https://asmperformancecars.co.uk/birmingham-car-dealerships/xclusive-automotive-group-limited/,https://asmperformancecars.co.uk/dealerships/xclusive-automotive-group-limited
https://asmperformancecars.co.uk/birmingham-car-dealerships/yardley-motor-trade-ltd/,https://asmperformancecars.co.uk/dealerships/yardley-motor-trade-ltd
https://asmperformancecars.co.uk/birmingham-car-dealerships/z-a-motors/,https://asmperformancecars.co.uk/dealerships/z-a-motors
https://asmperformancecars.co.uk/birmingham-car-dealerships/zak-motoring-ltd/,https://asmperformancecars.co.uk/dealerships/zak-motoring-ltd
https://asmperformancecars.co.uk/birmingham-car-dealerships/zci-motors/,https://asmperformancecars.co.uk/dealerships/zci-motors
https://asmperformancecars.co.uk/birmingham-car-dealerships/zrz-motors/,https://asmperformancecars.co.uk/dealerships/zrz-motors
https://asmperformancecars.co.uk/car-finance-uk-low-apr-interest-free-pcp-hp-explained/,https://asmperformancecars.co.uk/blog/car-finance-uk-low-apr-interest-free-pcp-hp-explained
https://asmperformancecars.co.uk/car-insurance-write-off-categories-cat-s-cat-n-cars-explained/,https://asmperformancecars.co.uk/blog/car-insurance-write-off-categories-cat-s-cat-n-cars-explained
https://asmperformancecars.co.uk/car-maintenance-essentials-for-high-performance-cars/,https://asmperformancecars.co.uk//blog/car-maintenance-essentials-for-high-performance-cars
https://asmperformancecars.co.uk/cat-s-cars-explained-a-comprehensive-guide/,https://asmperformancecars.co.uk/blog/cat-s-cars-explained-a-comprehensive-guide 
https://asmperformancecars.co.uk/category/car-finance/,https://asmperformancecars.co.uk/blog/category/car-finance
https://asmperformancecars.co.uk/category/hybrid-electric-cars/,https://asmperformancecars.co.uk/blog/category/hybrid-and-electric-cars
https://asmperformancecars.co.uk/category/investment/,https://asmperformancecars.co.uk/blog
https://asmperformancecars.co.uk/category/maintenance/,https://asmperformancecars.co.uk/blog
https://asmperformancecars.co.uk/category/supercars-articles/,https://asmperformancecars.co.uk/blog/category/supercars
https://asmperformancecars.co.uk/category/used-cars/,https://asmperformancecars.co.uk/blog/category/used-cars
https://asmperformancecars.co.uk/check-my-mot/,https://asmperformancecars.co.uk/mot-check
https://asmperformancecars.co.uk/contact-us/,https://asmperformancecars.co.uk/contact
https://asmperformancecars.co.uk/dealers/birmingham-car-dealerships/,https://asmperformancecars.co.uk/dealerships
https://asmperformancecars.co.uk/eco-friendly-speed-a-look-at-hybrid-and-electric-performance-cars/,https://asmperformancecars.co.uk/blog/eco-friendly-speed-a-look-at-hybrid-and-electric-performance-cars
https://asmperformancecars.co.uk/faqs/performance-cars/,https://asmperformancecars.co.uk/faqs/modified-cars-faqs
https://asmperformancecars.co.uk/hidden-costs-of-buying-a-used-car/,https://asmperformancecars.co.uk/blog/hidden-costs-of-buying-a-used-car
https://asmperformancecars.co.uk/how-to-check-a-used-cars-mot-history/,https://asmperformancecars.co.uk//blog/how-to-check-a-used-cars-mot-history
https://asmperformancecars.co.uk/luxury-supercars-for-sale-in-the-uk-a-closer-look/,https://asmperformancecars.co.uk/blog/luxury-supercars-for-sale-in-the-uk-a-closer-look
https://asmperformancecars.co.uk/modified-cars/,https://asmperformancecars.co.uk//our-cars/modified-cars-for-sale
https://asmperformancecars.co.uk/performance-cars-as-investments-what-you-need-to-know/,https://asmperformancecars.co.uk/blog/performance-cars-as-investments-what-you-need-to-know
https://asmperformancecars.co.uk/search-modified-cars/,https://asmperformancecars.co.uk/our-cars
https://asmperformancecars.co.uk/supercars-for-sale,https://asmperformancecars.co.uk/our-cars/luxury-supercars-for-sale
https://asmperformancecars.co.uk/supercars-for-sale/aston-martin-dbs-ultimate/,https://asmperformancecars.co.uk/supercars-for-sale/not-available
https://asmperformancecars.co.uk/supercars-for-sale/aston-martin-dbx-707/,https://asmperformancecars.co.uk/supercars-for-sale/not-available
https://asmperformancecars.co.uk/supercars-for-sale/aston-martin-dbx-v8-550/,https://asmperformancecars.co.uk/supercars-for-sale/not-available
https://asmperformancecars.co.uk/supercars-for-sale/aston-martin-vantage-v8-heritage-racing-edition/,https://asmperformancecars.co.uk/supercars-for-sale/not-available
https://asmperformancecars.co.uk/supercars-for-sale/audi-r8-gt/,https://asmperformancecars.co.uk/supercars-for-sale/not-available
https://asmperformancecars.co.uk/supercars-for-sale/audi-r8-v10-plus/,https://asmperformancecars.co.uk/supercars-for-sale/not-available
https://asmperformancecars.co.uk/supercars-for-sale/audi-rsq8-vorsprung/,https://asmperformancecars.co.uk/supercars-for-sale/not-available
https://asmperformancecars.co.uk/supercars-for-sale/bugatti-veyron-sang-noir/,https://asmperformancecars.co.uk/supercars-for-sale/not-available
https://asmperformancecars.co.uk/supercars-for-sale/chevrolet-camaro-z28-v8/,https://asmperformancecars.co.uk/supercars-for-sale/not-available
https://asmperformancecars.co.uk/supercars-for-sale/chevrolet-corvette-c8/,https://asmperformancecars.co.uk/supercars-for-sale/not-available
https://asmperformancecars.co.uk/supercars-for-sale/ducati-streetfighter-v4/,https://asmperformancecars.co.uk/supercars-for-sale/not-available
https://asmperformancecars.co.uk/supercars-for-sale/ferrari-296-gtb-2/,https://asmperformancecars.co.uk/supercars-for-sale/not-available
https://asmperformancecars.co.uk/supercars-for-sale/ferrari-296-gtb-3/,https://asmperformancecars.co.uk/supercars-for-sale/not-available
https://asmperformancecars.co.uk/supercars-for-sale/ferrari-296-gts-2/,https://asmperformancecars.co.uk/supercars-for-sale/not-available
https://asmperformancecars.co.uk/supercars-for-sale/ferrari-296-gts/,https://asmperformancecars.co.uk/supercars-for-sale/not-available
https://asmperformancecars.co.uk/supercars-for-sale/ferrari-458-speciale/,https://asmperformancecars.co.uk/supercars-for-sale/not-available
https://asmperformancecars.co.uk/supercars-for-sale/ferrari-812-competizione-2/,https://asmperformancecars.co.uk/supercars-for-sale/not-available
https://asmperformancecars.co.uk/supercars-for-sale/ferrari-812-competizione/,https://asmperformancecars.co.uk/supercars-for-sale/not-available
https://asmperformancecars.co.uk/supercars-for-sale/ferrari-812-gts-2/,https://asmperformancecars.co.uk/supercars-for-sale/not-available
https://asmperformancecars.co.uk/supercars-for-sale/ferrari-812-gts/,https://asmperformancecars.co.uk/supercars-for-sale/not-available
https://asmperformancecars.co.uk/supercars-for-sale/ferrari-812-superfast-3/,https://asmperformancecars.co.uk/supercars-for-sale/not-available
https://asmperformancecars.co.uk/supercars-for-sale/ferrari-812-superfast-4/,https://asmperformancecars.co.uk/supercars-for-sale/not-available
https://asmperformancecars.co.uk/supercars-for-sale/ferrari-f12-berlinetta/,https://asmperformancecars.co.uk/supercars-for-sale/not-available
https://asmperformancecars.co.uk/supercars-for-sale/ferrari-f12/,https://asmperformancecars.co.uk/supercars-for-sale/not-available
https://asmperformancecars.co.uk/supercars-for-sale/ferrari-f355-spider-6-speed-manual/,https://asmperformancecars.co.uk/supercars-for-sale/not-available
https://asmperformancecars.co.uk/supercars-for-sale/ferrari-f8-tributo/,https://asmperformancecars.co.uk/supercars-for-sale/not-available
https://asmperformancecars.co.uk/supercars-for-sale/ferrari-ff/,https://asmperformancecars.co.uk/supercars-for-sale/not-available
https://asmperformancecars.co.uk/supercars-for-sale/ferrari-purosangue-2/,https://asmperformancecars.co.uk/supercars-for-sale/not-available
https://asmperformancecars.co.uk/supercars-for-sale/ferrari-purosangue/,https://asmperformancecars.co.uk/supercars-for-sale/not-available
https://asmperformancecars.co.uk/supercars-for-sale/ferrari-roma-spider/,https://asmperformancecars.co.uk/supercars-for-sale/not-available
https://asmperformancecars.co.uk/supercars-for-sale/ferrari-roma/,https://asmperformancecars.co.uk/supercars-for-sale/not-available
https://asmperformancecars.co.uk/supercars-for-sale/ferrari-sf90-assetto-fiorano/,https://asmperformancecars.co.uk/supercars-for-sale/not-available
https://asmperformancecars.co.uk/supercars-for-sale/ferrari-sf90-spider/,https://asmperformancecars.co.uk/supercars-for-sale/not-available
https://asmperformancecars.co.uk/supercars-for-sale/ferrari-sf90/,https://asmperformancecars.co.uk/supercars-for-sale/not-available
https://asmperformancecars.co.uk/supercars-for-sale/ferrari-testarossa/,https://asmperformancecars.co.uk/supercars-for-sale/not-available
https://asmperformancecars.co.uk/supercars-for-sale/ford-cobra-427/,https://asmperformancecars.co.uk/supercars-for-sale/not-available
https://asmperformancecars.co.uk/supercars-for-sale/jaguar-e-type-reborn-3-8/,https://asmperformancecars.co.uk/supercars-for-sale/not-available
https://asmperformancecars.co.uk/supercars-for-sale/lamborghini-aventador-lp780-4-ultimae-roadster/,https://asmperformancecars.co.uk/supercars-for-sale/not-available
https://asmperformancecars.co.uk/supercars-for-sale/lamborghini-aventador-s/,https://asmperformancecars.co.uk/supercars-for-sale/not-available
https://asmperformancecars.co.uk/supercars-for-sale/lamborghini-aventador-svj-lp-770-4/,https://asmperformancecars.co.uk/supercars-for-sale/not-available
https://asmperformancecars.co.uk/supercars-for-sale/lamborghini-aventador/,https://asmperformancecars.co.uk/supercars-for-sale/not-available
https://asmperformancecars.co.uk/supercars-for-sale/lamborghini-countach/,https://asmperformancecars.co.uk/supercars-for-sale/not-available
https://asmperformancecars.co.uk/supercars-for-sale/lamborghini-huracan-evo-spyder-lp-640-4/,https://asmperformancecars.co.uk/supercars-for-sale/not-available
https://asmperformancecars.co.uk/supercars-for-sale/lamborghini-huracan-sterrato/,https://asmperformancecars.co.uk/supercars-for-sale/not-available
https://asmperformancecars.co.uk/supercars-for-sale/lamborghini-huracan-sto-2/,https://asmperformancecars.co.uk/supercars-for-sale/not-available
https://asmperformancecars.co.uk/supercars-for-sale/lamborghini-huracan-sto/,https://asmperformancecars.co.uk/supercars-for-sale/not-available
https://asmperformancecars.co.uk/supercars-for-sale/lamborghini-huracan-tecnica/,https://asmperformancecars.co.uk/supercars-for-sale/not-available
https://asmperformancecars.co.uk/supercars-for-sale/lamborghini-revuelto/,https://asmperformancecars.co.uk/supercars-for-sale/not-available
https://asmperformancecars.co.uk/supercars-for-sale/lamborghini-urus-1016/,https://asmperformancecars.co.uk/supercars-for-sale/not-available
https://asmperformancecars.co.uk/supercars-for-sale/lamborghini-urus-performante/,https://asmperformancecars.co.uk/supercars-for-sale/not-available
https://asmperformancecars.co.uk/supercars-for-sale/land-rover-defender-110-v8-5-0/,https://asmperformancecars.co.uk/supercars-for-sale/not-available
https://asmperformancecars.co.uk/supercars-for-sale/land-rover-defender-v8-carpathian-edition-p525-by-talos-vehicles/,https://asmperformancecars.co.uk/supercars-for-sale/not-available
https://asmperformancecars.co.uk/supercars-for-sale/land-rover-range-rover-autobiography-3-0-p550e-phev/,https://asmperformancecars.co.uk/supercars-for-sale/not-available
https://asmperformancecars.co.uk/supercars-for-sale/land-rover-range-rover-autobiography-4-4-p530-v8-mhev/,https://asmperformancecars.co.uk/supercars-for-sale/not-available
https://asmperformancecars.co.uk/supercars-for-sale/land-rover-range-rover-sv-p530-lwb/,https://asmperformancecars.co.uk/supercars-for-sale/not-available
https://asmperformancecars.co.uk/supercars-for-sale/lexus-lfa/,https://asmperformancecars.co.uk/supercars-for-sale/not-available
https://asmperformancecars.co.uk/supercars-for-sale/maserati-ghibli/,https://asmperformancecars.co.uk/supercars-for-sale/not-available
https://asmperformancecars.co.uk/supercars-for-sale/mclaren-570gt/,https://asmperformancecars.co.uk/supercars-for-sale/not-available
https://asmperformancecars.co.uk/supercars-for-sale/mclaren-765lt-spider-2/,https://asmperformancecars.co.uk/supercars-for-sale/not-available
https://asmperformancecars.co.uk/supercars-for-sale/mclaren-765lt-spider/,https://asmperformancecars.co.uk/supercars-for-sale/not-available
https://asmperformancecars.co.uk/supercars-for-sale/mclaren-765lt/,https://asmperformancecars.co.uk/supercars-for-sale/not-available
https://asmperformancecars.co.uk/supercars-for-sale/mercedes-amg-g63/,https://asmperformancecars.co.uk/supercars-for-sale/not-available
https://asmperformancecars.co.uk/supercars-for-sale/mercedes-benz-s600-maybach/,https://asmperformancecars.co.uk/supercars-for-sale/not-available
https://asmperformancecars.co.uk/supercars-for-sale/mercedes-benz-s65-amg/,https://asmperformancecars.co.uk/supercars-for-sale/not-available
https://asmperformancecars.co.uk/supercars-for-sale/mercedes-benz-sls-63-amg-roadster/,https://asmperformancecars.co.uk/supercars-for-sale/not-available
https://asmperformancecars.co.uk/supercars-for-sale/mercedes-brabus/,https://asmperformancecars.co.uk/supercars-for-sale/not-available
https://asmperformancecars.co.uk/supercars-for-sale/mercedes-e63s/,https://asmperformancecars.co.uk/supercars-for-sale/not-available
https://asmperformancecars.co.uk/supercars-for-sale/mercedes-maybach/,https://asmperformancecars.co.uk/supercars-for-sale/not-available
https://asmperformancecars.co.uk/supercars-for-sale/mercedes-s65-amg/,https://asmperformancecars.co.uk/supercars-for-sale/not-available
https://asmperformancecars.co.uk/supercars-for-sale/mercedes-vito-full/,https://asmperformancecars.co.uk/supercars-for-sale/not-available
https://asmperformancecars.co.uk/supercars-for-sale/nissan-gtr-nismo/,https://asmperformancecars.co.uk/supercars-for-sale/not-available
https://asmperformancecars.co.uk/supercars-for-sale/noble-m600/,https://asmperformancecars.co.uk/supercars-for-sale/not-available
https://asmperformancecars.co.uk/supercars-for-sale/porsche-911-992-gt3-rs/,https://asmperformancecars.co.uk/supercars-for-sale/not-available
https://asmperformancecars.co.uk/supercars-for-sale/porsche-911-992-targa-4-gts/,https://asmperformancecars.co.uk/supercars-for-sale/not-available
https://asmperformancecars.co.uk/supercars-for-sale/porsche-911-992-turbo-s/,https://asmperformancecars.co.uk/supercars-for-sale/not-available
https://asmperformancecars.co.uk/supercars-for-sale/porsche-911-gt3/,https://asmperformancecars.co.uk/supercars-for-sale/not-available
https://asmperformancecars.co.uk/supercars-for-sale/porsche-911-turbo-930-4-speed-manual-gearbox/,https://asmperformancecars.co.uk/supercars-for-sale/not-available
https://asmperformancecars.co.uk/supercars-for-sale/porsche-911/,https://asmperformancecars.co.uk/supercars-for-sale/not-available
https://asmperformancecars.co.uk/supercars-for-sale/porsche-cayenne-turbo-gt/,https://asmperformancecars.co.uk/supercars-for-sale/not-available
https://asmperformancecars.co.uk/supercars-for-sale/rolls-royce-cullinan-black-badge/,https://asmperformancecars.co.uk/supercars-for-sale/not-available
https://asmperformancecars.co.uk/supercars-for-sale/rolls-royce-cullinan/,https://asmperformancecars.co.uk/supercars-for-sale/not-available
https://asmperformancecars.co.uk/supercars-for-sale/rolls-royce-dawn-black-badge/,https://asmperformancecars.co.uk/supercars-for-sale/not-available
https://asmperformancecars.co.uk/supercars-for-sale/rolls-royce-dawn/,https://asmperformancecars.co.uk/supercars-for-sale/not-available
https://asmperformancecars.co.uk/supercars-for-sale/rolls-royce-ghost-black-badge/,https://asmperformancecars.co.uk/supercars-for-sale/not-available
https://asmperformancecars.co.uk/supercars-for-sale/rolls-royce-wraith-onyx/,https://asmperformancecars.co.uk/supercars-for-sale/not-available
https://asmperformancecars.co.uk/terms-of-use/,https://asmperformancecars.co.uk/terms-conditions
https://asmperformancecars.co.uk/the-best-sports-cars-to-watch-in-2024/,https://asmperformancecars.co.uk/blog/the-best-sports-cars-to-watch-in-2024
https://asmperformancecars.co.uk/the-complete-guide-to-category-n-cars/,https://asmperformancecars.co.uk/blog/the-complete-guide-to-category-n-cars
https://asmperformancecars.co.uk/top-picks-for-best-hybrid-cars-of-the-year/,https://asmperformancecars.co.uk/blog/top-picks-for-best-hybrid-cars-of-the-year
https://asmperformancecars.co.uk/used-audi-rs3-cars-for-sale/,https://asmperformancecars.co.uk/our-cars/used-cars-for-sale
https://asmperformancecars.co.uk/used-audi-s1-cars-for-sale/,https://asmperformancecars.co.uk/our-cars/used-cars-for-sale
https://asmperformancecars.co.uk/used-audi-s3-cars-for-sale/,https://asmperformancecars.co.uk/our-cars/used-cars-for-sale
https://asmperformancecars.co.uk/used-audi-s4-cars-for-sale/,https://asmperformancecars.co.uk/our-cars/used-cars-for-sale
https://asmperformancecars.co.uk/used-audi-s5-cars-for-sale/,https://asmperformancecars.co.uk/our-cars/used-cars-for-sale
https://asmperformancecars.co.uk/used-audi-s6-cars-for-sale/,https://asmperformancecars.co.uk/our-cars/used-cars-for-sale